Gap Inc.,https://bugcrowd.com/gapinc
OneTrust,https://bugcrowd.com/onetrust
Redox,https://bugcrowd.com/redox
Audiomack-VDP Pro,https://bugcrowd.com/audiomack-esf
Web-Based Scientific Research Software,https://bugcrowd.com/programs/teasers/bold-sea-2414
1Password Bug Bounty CTF,https://bugcrowd.com/agilebits-ctf
VeVe,https://bugcrowd.com/veve-og
Bitpanda Ongoing Bug Bounty,https://bugcrowd.com/bitpanda-og-bb
USAA,https://bugcrowd.com/usaa
HotDoc,https://bugcrowd.com/hotdoc
Step Public Applications,https://bugcrowd.com/step-public
Prosus,https://bugcrowd.com/prosus-og
Ecommpay Vulnerability Disclosure Program,https://bugcrowd.com/ecommpay-vdp-ess
Bybit,https://bugcrowd.com/bybit
Linktree,https://bugcrowd.com/linktree-mbb-og
Optus Vulnerability Disclosure Program,https://bugcrowd.com/optus-vdp-pro
Escape Reality and Elevate Your Permissions,https://bugcrowd.com/programs/teasers/empty-sea-5360
United States Agency for Global Media Vulnerability Disclosure Program,https://bugcrowd.com/usagm-vdp
Gearset: Managed Bug Bounty,https://bugcrowd.com/gearset-mbb
Indeed,https://bugcrowd.com/indeed
CIBC VDP,https://bugcrowd.com/cibc-vdp
ROKT Vulnerability Disclosure,https://bugcrowd.com/rokt-pte-vdp-pro
RMIT University Vulnerability Disclosure Program,https://bugcrowd.com/rmit-university-vdp-pro
Aruba Networks Product Public Program,https://bugcrowd.com/aruba-product-public
Gap Inc.,https://bugcrowd.com/gapinc
OneTrust,https://bugcrowd.com/onetrust
Redox,https://bugcrowd.com/redox
Audiomack-VDP Pro,https://bugcrowd.com/audiomack-esf
Web-Based Scientific Research Software,https://bugcrowd.com/programs/teasers/bold-sea-2414
1Password Bug Bounty CTF,https://bugcrowd.com/agilebits-ctf
VeVe,https://bugcrowd.com/veve-og
Bitpanda Ongoing Bug Bounty,https://bugcrowd.com/bitpanda-og-bb
USAA,https://bugcrowd.com/usaa
HotDoc,https://bugcrowd.com/hotdoc
Step Public Applications,https://bugcrowd.com/step-public
Prosus,https://bugcrowd.com/prosus-og
Ecommpay Vulnerability Disclosure Program,https://bugcrowd.com/ecommpay-vdp-ess
Bybit,https://bugcrowd.com/bybit
Linktree,https://bugcrowd.com/linktree-mbb-og
Optus Vulnerability Disclosure Program,https://bugcrowd.com/optus-vdp-pro
Escape Reality and Elevate Your Permissions,https://bugcrowd.com/programs/teasers/empty-sea-5360
United States Agency for Global Media Vulnerability Disclosure Program,https://bugcrowd.com/usagm-vdp
Gearset: Managed Bug Bounty,https://bugcrowd.com/gearset-mbb
Indeed,https://bugcrowd.com/indeed
CIBC VDP,https://bugcrowd.com/cibc-vdp
ROKT Vulnerability Disclosure,https://bugcrowd.com/rokt-pte-vdp-pro
RMIT University Vulnerability Disclosure Program,https://bugcrowd.com/rmit-university-vdp-pro
Aruba Networks Product Public Program,https://bugcrowd.com/aruba-product-public
Private market investment platform,https://bugcrowd.com/programs/teasers/twilight-moon-8601
Roobet Vulnerability Disclosure Program,https://bugcrowd.com/roobet-vdp
United States Patent and Trademark Office - Vulnerability Disclosure Program ,https://bugcrowd.com/uspto-vdp
Video Viewing Platform,https://bugcrowd.com/programs/teasers/D28qs1YDrtgsf5fFDf4asFLX
ThousandEyes Bug Bounty,https://bugcrowd.com/thousandeyes-og
Nine Entertainment Vulnerability Disclosure Program,https://bugcrowd.com/nine-entertainment-vdp-pro
Five9 VDP,https://bugcrowd.com/five9-vdp
Macquarie Group Vulnerability Disclosure Program,https://bugcrowd.com/macquarie-group-vdp
Ziff Davis Vulnerability Disclosure Program,https://bugcrowd.com/ziffdavis-vdp-pro
Assa Abloy America's ,https://bugcrowd.com/assaabloy-americas-vdp
Newfold Australias Vulnerability Disclosure Program,https://bugcrowd.com/newfoldau-vdp
Inter-American Foundation - Vulnerability Disclosure Program,https://bugcrowd.com/iaf-vdp
OLX EU,https://bugcrowd.com/olx-eu
U.S. Chemical Safety and Hazard Investigation Board - Vulnerability Disclosure Program,https://bugcrowd.com/csb-vdp
Bureau of Indian Affairs ,https://bugcrowd.com/bia-vdp
The Bureau of Indian Education Vulnerability Disclosure Program,https://bugcrowd.com/bie-vdp
Rarible,https://bugcrowd.com/rarible-ogmbb
Chia Network,https://bugcrowd.com/chia-network-bb
Ibotta,https://bugcrowd.com/ibotta
Registrar.gov: Bug Bounty Program,https://bugcrowd.com/registrar-dotgov
Verisign,https://bugcrowd.com/verisign
LifterLMS,https://bugcrowd.com/lifterlms
Telstra VDP,https://bugcrowd.com/telstra-vdp
Professional Counselling Provider,https://bugcrowd.com/programs/teasers/dKZe19MnPivPJUoEgw3f5f4S
Leading Financial company needs your help!,https://bugcrowd.com/programs/teasers/red-moon-8769
An electronics retailer would like your help!,https://bugcrowd.com/programs/teasers/eQTUitf7a1btxJGEXtAWMtYd
Blackbaud Vulnerability Disclosure Program,https://bugcrowd.com/blackbaud-vdp
NiceHash,https://bugcrowd.com/nicehash-og
StackPath,https://bugcrowd.com/stackpath
HostGator VDP,https://bugcrowd.com/hostgator-vdp
Seagate VDP,https://bugcrowd.com/seagate-vdp
Dfinity Vulnerability Disclosure Program,https://bugcrowd.com/dfinity-vdppro
CyberGhost,https://bugcrowd.com/cyberghost
Private Internet Access,https://bugcrowd.com/privateinternetaccess
Lucid Motors Vulnerability Disclosure Program,https://bugcrowd.com/lucidmotors-vdp
You Need a Budget (YNAB),https://bugcrowd.com/ynab
Lightspeed Retail (X-Series),https://bugcrowd.com/x-series
Help secure a global fintech company!,https://bugcrowd.com/programs/teasers/bitter-glitter-1454
"Tyler Technologies Data & Insights – Tyler Data Platform, powered by Socrata",https://bugcrowd.com/tyler-tech-data-insights
BigCommerce,https://bugcrowd.com/bigcommerce
Rec Room Video Games,https://bugcrowd.com/recroom-og
Office of Natural Resources Revenue,https://bugcrowd.com/onrr-vdp
Office of Wildland Fire - Vulnerability Disclosure Program,https://bugcrowd.com/owf-vdp
Electroneum,https://bugcrowd.com/electroneum
Dropbox,https://bugcrowd.com/dropbox
Sophos,https://bugcrowd.com/sophos
CoolBitX,https://bugcrowd.com/coolbitx-mbb
Council of the Inspectors General on Integrity and Efficiency Vulnerability Disclosure Program,https://bugcrowd.com/cigie-vdp
National Transportation Safety Board: Vulnerability Disclosure Program,https://bugcrowd.com/ntsb-vdp
Federal Trade Commission: Vulnerability Disclosure Program,https://bugcrowd.com/ftc-vdp
Netflix,https://bugcrowd.com/netflix
Bitget,https://bugcrowd.com/bitget-og
"Constant Contact, Inc.",https://bugcrowd.com/constantcontact
NameJet,https://bugcrowd.com/namejet
HostGator Brazil VDP,https://bugcrowd.com/hostgator-brazil-vdp
Octopus Deploy,https://bugcrowd.com/octopus-deploy
Wyze Bug Bounty,https://bugcrowd.com/wyze
State Farm VDP,https://bugcrowd.com/statefarm-esf
Identity platform for secure authentication,https://bugcrowd.com/programs/teasers/dark-breeze-4589
Blue Jeans Network,https://bugcrowd.com/bluejeans
Atlassian-Built Apps,https://bugcrowd.com/atlassianapps
Keeper Security Public Bounty Program,https://bugcrowd.com/keepersecurity
NameJet VDP,https://bugcrowd.com/namejet-vdp
SnapNames VDP,https://bugcrowd.com/snapnames-vdp
Web.com,https://bugcrowd.com/webdotcom
Newfold Builder VDP,https://bugcrowd.com/newfold-builder-vdp
Bluehost ,https://bugcrowd.com/newfold-bluehost
Reseller Club VDP Pro,https://bugcrowd.com/newfold-resellerclub-vdp
HostGator Latam Bug Bounty,https://bugcrowd.com/hostgator-latam-bb
HostGator,https://bugcrowd.com/hostgator
Newfold Vdeck VDP,https://bugcrowd.com/newfold-vdeck-vdp
1Shoppingcart.com,https://bugcrowd.com/shoppingcart
Web.com VDP,https://bugcrowd.com/webdotcom-vdp
SnapNames,https://bugcrowd.com/snapnames
Newfold Vdeck Bug Bounty,https://bugcrowd.com/newfold-vdeck-bb
ANZ Responsible Disclosure Program,https://bugcrowd.com/anz-vdp
Western Union,https://bugcrowd.com/westernunion
Service NSW Vulnerability Disclosure Program,https://bugcrowd.com/service-nsw-vdp
A Leading Financial Services and Insurance Company,https://bugcrowd.com/programs/teasers/PhZA2CKG9vHhhBVM4EwcXuaJ
Stryker,https://bugcrowd.com/stryker-vdp
Santos Vulnerability Disclosure Program,https://bugcrowd.com/santos-vdp
Monash MBB,https://bugcrowd.com/monash-mbb
Help Keep a Financial Company Secure!,https://bugcrowd.com/programs/teasers/wenDhQkBP4FrJAAUF5jevaPH
ClickHouse,https://bugcrowd.com/clickhouse
LegalZoom VDP,https://bugcrowd.com/legalzoom-vdp
Office of Personnel Management - Vulnerability Disclosure Program,https://bugcrowd.com/opm-vdp
Code.org,https://bugcrowd.com/codeorg
SEEK ,https://bugcrowd.com/seek
Origin Energy,https://bugcrowd.com/originenergy-og1
Upwork,https://bugcrowd.com/upwork
"Exciting cloud-based iPad point of sale software company needs your help to secure their Web, API and mobile targets!",https://bugcrowd.com/programs/teasers/qBGsVZkQWfStg2RZq1qyFB4Z
Ostrom Vulnerability Disclosure Program,https://bugcrowd.com/ostrom-vdp
IOOF Vulnerability Disclosure Program,https://bugcrowd.com/ioof
MediaLab - WorldStar Hip Hop Vulnerability Disclosure Program,https://bugcrowd.com/medialab-vdp
MediaLab - Kik Vulnerability Disclosure Program,https://bugcrowd.com/medialab-kik-vdp
"Web, API, iOS and Android Applications in Ongoing Bounty Program",https://bugcrowd.com/programs/teasers/V8rjBFxupVP2t9xqommVvgXF
Quizlet,https://bugcrowd.com/quizlet
Akeyless,https://bugcrowd.com/akeyless-og
Pinterest,https://bugcrowd.com/pinterest
Gusto VDP,https://bugcrowd.com/gusto-vdp
ImageKit's Bug Bounty Program ,https://bugcrowd.com/imagekit
Contrast Security,https://bugcrowd.com/contrast-security
Latitude Financial Services Vulnerability Disclosure Program,https://bugcrowd.com/latitudefinancial-vdp
Digistorm,https://bugcrowd.com/digistorm
Monash University,https://bugcrowd.com/monash-esf
CoinDCX Managed Bug Bounty,https://bugcrowd.com/coindcx-og
Bullish exchange,https://bugcrowd.com/bullish-exchange
Asana,https://bugcrowd.com/asana
"Appliances - Barracuda Networks, Inc.",https://bugcrowd.com/barracuda
Kaleido,https://bugcrowd.com/kaleido
WOO Network: Bug Bounty Program,https://bugcrowd.com/woo-network
Mathematical software solutions provider,https://bugcrowd.com/programs/teasers/eQuhxoBoidGUJpQZgWisbrrk
 1Password,https://bugcrowd.com/agilebits
American Battle Monuments Commission,https://bugcrowd.com/abmc-vdp
Department of the Treasury: Vulnerability Disclosure Program,https://bugcrowd.com/treasury-vdp
Backblaze,https://bugcrowd.com/backblaze
Lime,https://bugcrowd.com/lime
Help an Secure an Educational Non-Profit,https://bugcrowd.com/programs/teasers/misty-sound-7666
Pretrial Services Agency for the District of Columbia,https://bugcrowd.com/psa-vdp
Flourish,https://bugcrowd.com/flourish
Digital Shadows VDP,https://bugcrowd.com/digitalshadows-vdpesf
Railroad Retirement Board - Vulnerability Disclosure Program,https://bugcrowd.com/rrb-vdp
Secure the Leading Sales Engagement Platform,https://bugcrowd.com/programs/teasers/black-fire-29
Cloudinary,https://bugcrowd.com/cloudinary
Elementor: Bug Bounty Program,https://bugcrowd.com/elementor
Xfinity Home & xFi,https://bugcrowd.com/xfinity-home
Dell Technologies' Products Bug Bounty Program,https://bugcrowd.com/dell-product
Dell Technologies Application Bug Bounty,https://bugcrowd.com/dell-com
Kiteworks,https://bugcrowd.com/kiteworks-public
Halp,https://bugcrowd.com/halp
Northwestern Mutual VDP,https://bugcrowd.com/northwestern-vdp
Sportradar VDP Pro,https://bugcrowd.com/sportradar-vdp
ForgeRock BB,https://bugcrowd.com/forgerock-bb
Just Eat - Managed Bug Bounty,https://bugcrowd.com/justeat-ogmbb
ExpressVPN,https://bugcrowd.com/expressvpn
NEOGOV Public Assets,https://bugcrowd.com/neohrms
US Environmental Protection Agency Vulnerability Disclosure ,https://bugcrowd.com/epa-vdp
Deutsche Bank Vulnerability Disclosure Program,https://bugcrowd.com/deutschebank-vdp
HubSpot,https://bugcrowd.com/hubspot
Under Armour Corporate,https://bugcrowd.com/underarmour-corp
Comcast Xfinity Bug Bounty,https://bugcrowd.com/comcast-mbb
DICK'S Sporting Goods,https://bugcrowd.com/dickssportinggoods
iFood: Bug Bounty Program,https://bugcrowd.com/ifood-og
Craft Coders Marketplace Bug Bounty,https://bugcrowd.com/craftcoders
Caffeine,https://bugcrowd.com/caffeine
Geotab: VDP,https://bugcrowd.com/geotab-vdp
Skroutz Public Managed Bug Bounty,https://bugcrowd.com/skroutz
Imperva Bug Bounty,https://bugcrowd.com/imperva-mbb
NAB's Responsible Disclosure Program,https://bugcrowd.com/nationalaustraliabankog
Hummingbird VDP,https://bugcrowd.com/hummingbird-vdp-ess
Help Secure The Leader in Online Fundraising,https://bugcrowd.com/programs/teasers/spring-snow-7841
Braze Public BB,https://bugcrowd.com/braze-bb
Sisu Data,https://bugcrowd.com/sisu
Transactional email service made for developers,https://bugcrowd.com/programs/teasers/9ivBQDeA2CPxgjupJES2JyLa
Love Music? Help Keep Our Marketplace Secure!,https://bugcrowd.com/programs/teasers/muddy-moon-3392
Department of Labor,https://bugcrowd.com/dol-vdp
Technology Company Looking to Work with You!,https://bugcrowd.com/programs/teasers/winter-mountain-3095
Department of Interior: Vulnerability Disclosure Program,https://bugcrowd.com/doi-vdp
Help a News Company Stay Secure!,https://bugcrowd.com/programs/teasers/snowy-darkness-1
TripAdvisor ,https://bugcrowd.com/tripadvisor-bb-og
SpaceX/Starlink,https://bugcrowd.com/spacex
iRobot,https://bugcrowd.com/irobot
Bureau of Reclamation,https://bugcrowd.com/usbr-vdp
Bureau of Land Management,https://bugcrowd.com/blm-vdp
U.S. Fish and Wildlife Service ,https://bugcrowd.com/fws-vdp
Sky Disclosure Program,https://bugcrowd.com/sky-vdp
BlueHost VDP,https://bugcrowd.com/newfold-bluehostindia-vdp
Arrow Electronics VDP,https://bugcrowd.com/arrow-electronics-vdp
Help Create a Secure & Better Way to Live ,https://bugcrowd.com/programs/teasers/2PW2ao9Pxm8LBBfiQyooT29J
Department of Veterans Affairs,https://bugcrowd.com/va-vdp
Tamedia,https://bugcrowd.com/tamedia
Office of Navajo and Hopi Indian Relocation (ONHIR) - Vulnerability Disclosure Program ,https://bugcrowd.com/onhir-vdp
ForgeRock Identity Platform,https://bugcrowd.com/forgerock-i-platform
EXIM - Vulnerability Disclosure Program,https://bugcrowd.com/exim-vdp
Rakuten VDP,https://bugcrowd.com/rakuten-vdp
eazyBI,https://bugcrowd.com/eazybi
The Coca-Cola Company Vulnerability Disclosure Program,https://bugcrowd.com/coca-cola
Leading digital transaction provider. New mobile targets introduced recently!,https://bugcrowd.com/programs/teasers/Jpzfw2e8eSJaYSjdN9TGiK8d
A fantasy sports platform with over 100 million users,https://bugcrowd.com/programs/teasers/APnRLRQMhtdKEokr6Sd3TWEi
Cengage VDP,https://bugcrowd.com/cengage-vdp
Okta,https://bugcrowd.com/okta
United Airlines,https://bugcrowd.com/united-vdp
FIS,https://bugcrowd.com/fis
Victoria's Secret - VDP Pro,https://bugcrowd.com/victoriassecret-vdp
Federal Communications Commission: Vulnerability Disclosure Program,https://bugcrowd.com/fcc-vdp
Department of Homeland Security: Vulnerability Disclosure Program,https://bugcrowd.com/dhs-vdp
National Labor Relations Board: Vulnerability Disclosure Program,https://bugcrowd.com/nlrb-vdp
Federal Retirement Thrift Investment Board : Vulnerability Disclosure Program,https://bugcrowd.com/frtib-vdp
Millennium Challenge Corporation: Vulnerability Disclosure Program,https://bugcrowd.com/mcc-vdp
United States Department of Agriculture: Vulnerability Disclosure Program,https://bugcrowd.com/usda-vdp
Privacy and Civil Liberties Oversight Board: Vulnerability Disclosure Program,https://bugcrowd.com/pclob-vdp
Equal Employment Opportunity Commission: Vulnerability Disclosure Program,https://bugcrowd.com/eeoc-vdp
Occupational Safety and Health Review Commission: Vulnerability Disclosure Program,https://bugcrowd.com/oshrc-vdp
Court Services and Offender Supervision Agency: Vulnerability Disclosure Program,https://bugcrowd.com/csosa-vdp
Bullish.com,https://bugcrowd.com/bullish
AMEX - Global Business Travel Vulnerability Disclosure Program,https://bugcrowd.com/amexgbt-vdp
Twilio,https://bugcrowd.com/twilio
A multinational consumer goods is looking for top talent to secure their huge attack surface!,https://bugcrowd.com/programs/teasers/aCinC48ZuX41qsYYrDuQ5PK4
Unity Technology,https://bugcrowd.com/unity
Smartmockups,https://bugcrowd.com/smartmockups
Pixabay,https://bugcrowd.com/pixabay
Pexels,https://bugcrowd.com/pexels
Lbrands Bath & Body Works - VDP Pro,https://bugcrowd.com/lbrands-bbw-vdp
Phrase Vulnerability Disclosure Program,https://bugcrowd.com/phrase-vdp
K15t,https://bugcrowd.com/k15t
Stiltsoft,https://bugcrowd.com/stiltsoft
Credit Karma,https://bugcrowd.com/creditkarma
lululemon,https://bugcrowd.com/lululemon
Whatfix,https://bugcrowd.com/whatfix
Help an AdTech Company Stay Safe!,https://bugcrowd.com/programs/teasers/LpGD4WXdR2UTu2mJ9pdhUMvA
Aruba Networks Infrastructure Public Program,https://bugcrowd.com/aruba-public
Regions Bank Vulnerability Disclosure Program ,https://bugcrowd.com/regions-vdp
"Acorns Grow, Inc.",https://bugcrowd.com/acorns
Intercom,https://bugcrowd.com/intercom
Sprout Social,https://bugcrowd.com/sproutsocial
Cash App,https://bugcrowd.com/cashapp
Web + API Applications in this OnGoing Bug Bounty Program,https://bugcrowd.com/programs/teasers/ovv41tyYARpWDHrCsFHLse6D
Jora,https://bugcrowd.com/jora
Opera Public Bug Bounty,https://bugcrowd.com/opera
20 Minuten,https://bugcrowd.com/twentyminuten
 Comcast Xfinity Vulnerability Disclosure Program,https://bugcrowd.com/comcastvdp
23andMe,https://bugcrowd.com/twentythree-and-me
SmartThings Vulnerability Disclosure,https://bugcrowd.com/smartthings
OLX Autos,https://bugcrowd.com/olxgroup
Mobility Company Looking for Your Skills!,https://bugcrowd.com/programs/teasers/pY68GCL2kFMfrz1meTHJAXh4
codefortynine,https://bugcrowd.com/codefortynine
Canva,https://bugcrowd.com/canva
Centrify,https://bugcrowd.com/centrify
Docusign: Vulnerability Disclosure Program,https://bugcrowd.com/docusign-vdp
Arlo Cash Rewards,https://bugcrowd.com/arlo
Kenna Security,https://bugcrowd.com/kennasecurity
eero,https://bugcrowd.com/eero
PlanetHoster,https://bugcrowd.com/planethosterinc
Directly,https://bugcrowd.com/directly
"Simplifying complex work wherever, and you can help secure it! (2x bonus rewards)",https://bugcrowd.com/programs/teasers/Vjpfr6mxTdGw6VBYRvimMtQJ
Test a unicorn in the airline ticketing and hotel booking industry!,https://bugcrowd.com/programs/teasers/vzeiF8HxunufJrbpNbdrma4g
Optimizely,https://bugcrowd.com/optimizely
Binance,https://bugcrowd.com/binance
Octopus,https://bugcrowd.com/octopus-og
Skyscanner,https://bugcrowd.com/skyscanner
Stellantis ,https://bugcrowd.com/stellantis
Empower Personal Wealth,https://bugcrowd.com/personalcapital
WestJet's Vulnerability Disclosure Program,https://bugcrowd.com/westjet-disclose
"Automate, customize and extend!",https://bugcrowd.com/programs/teasers/CuK9RZhPuFhKCvewXbxWFy3M
Bitdefender,https://bugcrowd.com/bitdefender
Mastercard SRC,https://bugcrowd.com/mastercard-src
Tesla,https://bugcrowd.com/tesla
Viator,https://bugcrowd.com/viator
Cloudways,https://bugcrowd.com/cloudways
Global Financial Institution,https://bugcrowd.com/programs/teasers/little-smoke-2110
Large US Insurance Provider,https://bugcrowd.com/programs/teasers/auGYMAudW3xRzkUm5mhBA9nh
Unilever Vulnerability Disclosure Program,https://bugcrowd.com/unilever-vdp
Be the Authority!,https://bugcrowd.com/programs/teasers/ihjPujsLBGznTPRDeRvLvYBL
3 Easy payments,https://bugcrowd.com/programs/teasers/PYG4BcYhkMm668So9ZdYxvFh
Wise (ex-TransferWise),https://bugcrowd.com/wise
An international IT and telecommunications company would like your help to secure their API and Web targets! Can you help them? ,https://bugcrowd.com/programs/teasers/D6ktyjtr1GH2DVT3dsLw37oL
Takeaway.com,https://bugcrowd.com/takeaway
Application to find help around the house.,https://bugcrowd.com/programs/teasers/KQaKCY3q8wCF7GQyNjybbbYx
A leading eCommerce marketing platform is looking for researchers to help would like your help find bugs in their API and Web targets! Can you help them? ,https://bugcrowd.com/programs/teasers/F3YkdxVUSd5JL4SQBEYn1D14
"A Cryptocurrency payment system needs your help to secure multiple web applications, APIs and mobile applications!",https://bugcrowd.com/programs/teasers/Rp7kgWq5z8pit9UstPQbSmg9
BitDiscovery,https://bugcrowd.com/bitdiscovery
Click here to submit a support ticket!,https://bugcrowd.com/programs/teasers/dzLdTDyKibS7sbLurifaVrGk
SDKs and APIs Oh My!,https://bugcrowd.com/programs/teasers/1Z21mCvj7Fkohij4GEv4L2mv
MasterCard VDP,https://bugcrowd.com/mastercard-vdp
Mettle,https://bugcrowd.com/mettle
Naspers,https://bugcrowd.com/naspers
Atlassian,https://bugcrowd.com/atlassian
HealthifyMe's Vulnerability Disclosure Program,https://bugcrowd.com/healthifyme
Leading Cybersecurity Solutions Provider,https://bugcrowd.com/programs/teasers/g55EBqXg4edagMyYHdWBRz3S
SoundCloud,https://bugcrowd.com/soundcloud
Mastercard (VDP Extension),https://bugcrowd.com/mastercard-vdp-ext
Financial Services Provider,https://bugcrowd.com/programs/teasers/2QPzmcExC5eNu2VF1K3BpWEw
"No hardware, no problem! Route your submissions here!",https://bugcrowd.com/programs/teasers/85QHLUn4xVHNMXnm5RnTXi5i
Help Secure an Anti-Crime FinTech Application,https://bugcrowd.com/programs/teasers/8KNfwfm3QXy4HeKXYvL6fRRq
Opsgenie,https://bugcrowd.com/opsgenie
Telefónica Germany,https://bugcrowd.com/telefonicavdp
A multinational telecommunications is looking for top talent to secure their huge attack surface!,https://bugcrowd.com/programs/teasers/xgNf1nzd9GUNzAkA37uPpsoe
Help secure the connection between teachers and students and build better classrooms,https://bugcrowd.com/programs/teasers/nJvfrwkiaktFrMkKdSEexXtz
End to End Payment Solution,https://bugcrowd.com/programs/teasers/NN5Yd45gNJZdnVaEDPuqkmKH
Help make the cloud landscape more secure ,https://bugcrowd.com/programs/teasers/ZgTj3xvrZb2Mj7T796MJqMmz
The leader in transport fuels.,https://bugcrowd.com/programs/teasers/pinkJ5MeAb2fpEH1QkQA9uuS
Trello,https://bugcrowd.com/trello
Overstock's Vulnerability Disclosure Page!,https://bugcrowd.com/overstockvdp
Arlo Kudos Rewards,https://bugcrowd.com/arlokudos
Under Armour AppSec,https://bugcrowd.com/underarmour
Moneytree KK,https://bugcrowd.com/moneytreekkog
Lenovo Responsible Disclosure,https://bugcrowd.com/lenovoresponsibledisclosure
Square Open Source,https://bugcrowd.com/squareopensource
